{
  "metrics": {
    "top1_norm": 46.666666666666664,
    "topk_norm": 66.66666666666666,
    "prec_norm": 33.333333333333336,
    "top1_raw": 46.666666666666664,
    "topk_raw": 66.66666666666666,
    "prec_raw": 16.666666666666668,
    "diff_top1": 0.0,
    "diff_topk": 0.0,
    "diff_prec": 16.666666666666668
  },
  "n_cases": 15,
  "top_k": 4,
  "score_threshold": 0.3
}