{
  "metrics": {
    "top1_norm": 26.666666666666668,
    "topk_norm": 46.666666666666664,
    "prec_norm": 22.777777777777775,
    "top1_raw": 26.666666666666668,
    "topk_raw": 46.666666666666664,
    "prec_raw": 11.666666666666666,
    "diff_top1": 0.0,
    "diff_topk": 0.0,
    "diff_prec": 11.111111111111109
  },
  "n_cases": 15,
  "top_k": 4,
  "score_threshold": 0.3
}