{
  "rag_only": {
    "hit@1": 0.6,
    "recall@1": 0.3,
    "precision@1": 0.6,
    "mrr@1": 0.6,
    "ndcg@1": 0.6,
    "map@1": 0.6,
    "hit@5": 0.88,
    "recall@5": 0.58,
    "precision@5": 0.23199999999999998,
    "mrr@5": 0.6943333333333334,
    "ndcg@5": 0.5422942436485066,
    "map@5": 0.44683333333333336,
    "hit@10": 0.96,
    "recall@10": 0.73,
    "precision@10": 0.14600000000000002,
    "mrr@10": 0.7045238095238097,
    "ndcg@10": 0.6003718738225008,
    "map@10": 0.47950000000000004,
    "hit@20": 0.96,
    "recall@20": 0.84,
    "precision@20": 0.08400000000000002,
    "mrr@20": 0.7045238095238097,
    "ndcg@20": 0.6354935049740731,
    "map@20": 0.49611027654835704,
    "coverage@1": 0.6,
    "coverage@5": 0.88,
    "coverage@10": 0.96,
    "coverage@20": 0.96
  },
  "rag_kg": {
    "hit@1": 0.64,
    "recall@1": 0.32,
    "precision@1": 0.64,
    "mrr@1": 0.64,
    "ndcg@1": 0.64,
    "map@1": 0.64,
    "hit@5": 0.9,
    "recall@5": 0.67,
    "precision@5": 0.268,
    "mrr@5": 0.7370000000000002,
    "ndcg@5": 0.616162771720852,
    "map@5": 0.5254999999999999,
    "hit@10": 0.94,
    "recall@10": 0.8,
    "precision@10": 0.16000000000000006,
    "mrr@10": 0.7431904761904764,
    "ndcg@10": 0.667650451087502,
    "map@10": 0.5569999999999999,
    "hit@20": 0.96,
    "recall@20": 0.88,
    "precision@20": 0.08800000000000001,
    "mrr@20": 0.7446190476190477,
    "ndcg@20": 0.6931864396525661,
    "map@20": 0.5683352007469652,
    "coverage@1": 0.64,
    "coverage@5": 0.9,
    "coverage@10": 0.94,
    "coverage@20": 0.96
  }
}