{
  "normalized": {
    "threshold": 0.9999999251510067,
    "dev": {
      "metrics": {
        "precision_wrong": 1.0,
        "recall_wrong": 0.1724137931034483,
        "f1_wrong": 0.29411764705882354,
        "recall_correct": 1.0,
        "frr": 0.0,
        "far": 0.8275862068965517,
        "cost": 24.0,
        "tp_wrong": 5,
        "fp_wrong": 0,
        "fn_wrong": 24,
        "tn_wrong": 21
      }
    },
    "test": {
      "metrics": {
        "precision_wrong": 0.5,
        "recall_wrong": 0.043478260869565216,
        "f1_wrong": 0.08,
        "recall_correct": 0.9629629629629629,
        "frr": 0.037037037037037035,
        "far": 0.9565217391304348,
        "cost": 23.0,
        "tp_wrong": 1,
        "fp_wrong": 1,
        "fn_wrong": 22,
        "tn_wrong": 26
      }
    }
  },
  "raw": {
    "threshold": 0.5033200979232788,
    "dev": {
      "metrics": {
        "precision_wrong": 1.0,
        "recall_wrong": 0.1724137931034483,
        "f1_wrong": 0.29411764705882354,
        "recall_correct": 1.0,
        "frr": 0.0,
        "far": 0.8275862068965517,
        "cost": 24.0,
        "tp_wrong": 5,
        "fp_wrong": 0,
        "fn_wrong": 24,
        "tn_wrong": 21
      }
    },
    "test": {
      "metrics": {
        "precision_wrong": 0.0,
        "recall_wrong": 0.0,
        "f1_wrong": 0.0,
        "recall_correct": 0.9629629629629629,
        "frr": 0.037037037037037035,
        "far": 1.0,
        "cost": 24.0,
        "tp_wrong": 0,
        "fp_wrong": 1,
        "fn_wrong": 23,
        "tn_wrong": 26
      }
    }
  }
}